<keymap version="1" name="stephen" parent="$default">
  <action id="$Copy">
    <keyboard-shortcut first-keystroke="ctrl c" />
    <keyboard-shortcut first-keystroke="meta c" />
  </action>
  <action id="$Cut">
    <keyboard-shortcut first-keystroke="ctrl x" />
    <keyboard-shortcut first-keystroke="shift delete" />
    <keyboard-shortcut first-keystroke="meta x" />
  </action>
  <action id="$Paste">
    <keyboard-shortcut first-keystroke="ctrl v" />
    <keyboard-shortcut first-keystroke="meta v" />
  </action>
  <action id="$Redo">
    <keyboard-shortcut first-keystroke="shift ctrl z" />
    <keyboard-shortcut first-keystroke="shift meta z" />
  </action>
  <action id="$SelectAll">
    <keyboard-shortcut first-keystroke="meta a" />
  </action>
  <action id="$Undo">
    <keyboard-shortcut first-keystroke="ctrl z" />
    <keyboard-shortcut first-keystroke="meta z" />
  </action>
  <action id="AceAction">
    <keyboard-shortcut first-keystroke="ctrl space" second-keystroke="ctrl j" />
  </action>
  <action id="AceLineAction" />
  <action id="AceTargetAction">
    <keyboard-shortcut first-keystroke="ctrl space" second-keystroke="shift j" />
  </action>
  <action id="AceWordAction">
    <keyboard-shortcut first-keystroke="ctrl space" second-keystroke="j" />
  </action>
  <action id="ActivateDebugToolWindow" />
  <action id="ActivateFavoritesToolWindow" />
  <action id="ActivateFindToolWindow" />
  <action id="ActivateMessagesToolWindow" />
  <action id="ActivateProjectToolWindow">
    <keyboard-shortcut first-keystroke="shift ctrl p" />
  </action>
  <action id="ActivateRunToolWindow" />
  <action id="ActivateStructureToolWindow" />
  <action id="ActivateTODOToolWindow" />
  <action id="ActivateTerminalToolWindow">
    <keyboard-shortcut first-keystroke="f4" />
  </action>
  <action id="ActivateVersionControlToolWindow">
    <keyboard-shortcut first-keystroke="f5" />
  </action>
  <action id="AddNewFavoritesList">
    <keyboard-shortcut first-keystroke="ctrl space" second-keystroke="ctrl s" />
  </action>
  <action id="AddToFavorites">
    <keyboard-shortcut first-keystroke="ctrl space" second-keystroke="s" />
  </action>
  <action id="AddToFavoritesPopup" />
  <action id="Arrangement.Alias.Rule.Edit" />
  <action id="Arrangement.Rule.Edit" />
  <action id="Back">
    <keyboard-shortcut first-keystroke="ctrl space" second-keystroke="left" />
  </action>
  <action id="ChangesView.GroupBy.Module" />
  <action id="ChangesView.Rename">
    <keyboard-shortcut first-keystroke="shift f6" />
  </action>
  <action id="ChangesView.SetDefault" />
  <action id="CheckinProject" />
  <action id="ChooseDebugConfiguration">
    <keyboard-shortcut first-keystroke="ctrl q" second-keystroke="ctrl r" />
  </action>
  <action id="ChooseRunConfiguration">
    <keyboard-shortcut first-keystroke="ctrl q" second-keystroke="r" />
  </action>
  <action id="CloseActiveTab" />
  <action id="CloseAllEditorsButActive">
    <keyboard-shortcut first-keystroke="ctrl b" second-keystroke="ctrl k" />
  </action>
  <action id="CloseAllUnmodifiedEditors">
    <keyboard-shortcut first-keystroke="ctrl b" second-keystroke="ctrl c" />
  </action>
  <action id="CloseAllUnpinnedEditors">
    <keyboard-shortcut first-keystroke="ctrl b" second-keystroke="k" />
  </action>
  <action id="CloseContent">
    <keyboard-shortcut first-keystroke="ctrl b" second-keystroke="c" />
  </action>
  <action id="CodeCompletion" />
  <action id="CollapseAllRegions" />
  <action id="CollapseSelection" />
  <action id="CompareTwoFiles" />
  <action id="Console.Jdbc.Close" />
  <action id="Console.TableResult.EditValue">
    <keyboard-shortcut first-keystroke="enter" />
    <keyboard-shortcut first-keystroke="alt enter" />
  </action>
  <action id="Console.TableResult.NavigateAction" />
  <action id="CopyAsPlainText">
    <keyboard-shortcut first-keystroke="shift meta c" />
  </action>
  <action id="CopyElement" />
  <action id="CopyPaths" />
  <action id="CopyReferencePopup">
    <keyboard-shortcut first-keystroke="ctrl h" second-keystroke="p" />
  </action>
  <action id="CreateListenerAction">
    <keyboard-shortcut first-keystroke="ctrl l" second-keystroke="1" />
  </action>
  <action id="DSM.OpenInEditor" />
  <action id="Database.OpenDbStorageAction" />
  <action id="DatabaseView.CopyTable" />
  <action id="DebugClass">
    <keyboard-shortcut first-keystroke="ctrl q" second-keystroke="ctrl q" />
  </action>
  <action id="Debugger.EditArrayFilter" />
  <action id="Debugger.EditFrameSource" />
  <action id="Diagram.SelectAll" />
  <action id="Diff.FocusOppositePane" />
  <action id="Diff.FocusOppositePaneAndScroll" />
  <action id="Diff.NextChange" />
  <action id="Diff.PrevChange" />
  <action id="Diff.ShowDiff" />
  <action id="DomCollectionControl.Edit" />
  <action id="DomElementsTreeView.GotoDomElementDeclarationAction" />
  <action id="EditSource" />
  <action id="Editor Copy">
    <keyboard-shortcut first-keystroke="meta c" />
  </action>
  <action id="Editor Cut">
    <keyboard-shortcut first-keystroke="meta x" />
  </action>
  <action id="Editor Paste">
    <keyboard-shortcut first-keystroke="meta v" />
  </action>
  <action id="Editor Redo">
    <keyboard-shortcut first-keystroke="shift meta z" />
  </action>
  <action id="Editor SelectAll">
    <keyboard-shortcut first-keystroke="meta a" />
  </action>
  <action id="Editor Undo">
    <keyboard-shortcut first-keystroke="meta z" />
  </action>
  <action id="EditorContextInfo">
    <keyboard-shortcut first-keystroke="ctrl h" second-keystroke="c" />
  </action>
  <action id="EditorCreateRectangularSelection">
    <mouse-shortcut keystroke="alt button1" />
  </action>
  <action id="EditorDecreaseFontSize">
    <mouse-shortcut keystroke="control button142" />
    <keyboard-shortcut first-keystroke="shift ctrl minus" />
  </action>
  <action id="EditorDeleteToLineEnd">
    <keyboard-shortcut first-keystroke="ctrl k" />
  </action>
  <action id="EditorDeleteToWordEnd">
    <keyboard-shortcut first-keystroke="alt d" />
  </action>
  <action id="EditorDeleteToWordStart">
    <keyboard-shortcut first-keystroke="alt back_space" />
  </action>
  <action id="EditorEscape">
    <keyboard-shortcut first-keystroke="escape" />
    <keyboard-shortcut first-keystroke="ctrl g" />
  </action>
  <action id="EditorIncreaseFontSize">
    <mouse-shortcut keystroke="control button143" />
    <keyboard-shortcut first-keystroke="shift ctrl equals" />
  </action>
  <action id="EditorLineEnd">
    <keyboard-shortcut first-keystroke="ctrl e" />
  </action>
  <action id="EditorLineEndWithSelection" />
  <action id="EditorLineStart">
    <keyboard-shortcut first-keystroke="ctrl a" />
  </action>
  <action id="EditorLineStartWithSelection" />
  <action id="EditorLookupDown" />
  <action id="EditorLookupUp" />
  <action id="EditorMatchBrace">
    <keyboard-shortcut first-keystroke="ctrl space" second-keystroke="ctrl space" />
  </action>
  <action id="EditorMoveToPageBottom" />
  <action id="EditorMoveToPageBottomWithSelection" />
  <action id="EditorMoveToPageTop" />
  <action id="EditorMoveToPageTopWithSelection" />
  <action id="EditorNextWord">
    <keyboard-shortcut first-keystroke="ctrl right" />
    <keyboard-shortcut first-keystroke="alt f" />
  </action>
  <action id="EditorPreviousWord">
    <keyboard-shortcut first-keystroke="ctrl left" />
    <keyboard-shortcut first-keystroke="alt b" />
  </action>
  <action id="EditorScrollBottom">
    <keyboard-shortcut first-keystroke="alt end" />
  </action>
  <action id="EditorScrollDown" />
  <action id="EditorScrollToCenter" />
  <action id="EditorScrollTop">
    <keyboard-shortcut first-keystroke="alt home" />
  </action>
  <action id="EditorScrollUp" />
  <action id="EditorSelectLine">
    <keyboard-shortcut first-keystroke="shift ctrl y" />
  </action>
  <action id="EditorSelectWord">
    <keyboard-shortcut first-keystroke="ctrl w" />
    <keyboard-shortcut first-keystroke="meta w" />
  </action>
  <action id="EditorSwapSelectionBoundaries">
    <keyboard-shortcut first-keystroke="ctrl s" />
  </action>
  <action id="EditorTextEnd" />
  <action id="EditorTextEndWithSelection" />
  <action id="EditorTextStart" />
  <action id="EditorTextStartWithSelection" />
  <action id="EditorToggleShowGutterIcons">
    <keyboard-shortcut first-keystroke="ctrl back_slash" />
  </action>
  <action id="EditorUnSelectWord">
    <keyboard-shortcut first-keystroke="shift ctrl w" />
    <keyboard-shortcut first-keystroke="shift meta w" />
  </action>
  <action id="EmojiAndSymbols">
    <keyboard-shortcut first-keystroke="ctrl l" second-keystroke="j" />
  </action>
  <action id="ExpandAllRegions" />
  <action id="ExpressionTypeInfo">
    <keyboard-shortcut first-keystroke="ctrl h" second-keystroke="t" />
  </action>
  <action id="ExternalJavaDoc">
    <keyboard-shortcut first-keystroke="shift f1" />
    <keyboard-shortcut first-keystroke="ctrl h" second-keystroke="ctrl d" />
  </action>
  <action id="ExternalSystem.OpenConfig" />
  <action id="ExtractMethod" />
  <action id="FileChooser.GotoDesktop" />
  <action id="FileChooser.GotoHome" />
  <action id="FileChooser.GotoModule" />
  <action id="FileChooser.GotoProject">
    <keyboard-shortcut first-keystroke="ctrl l" second-keystroke="d" />
  </action>
  <action id="FileChooser.NewFolder" />
  <action id="FileChooser.TogglePathShowing" />
  <action id="FileStructurePopup">
    <keyboard-shortcut first-keystroke="ctrl h" second-keystroke="s" />
  </action>
  <action id="Find">
    <keyboard-shortcut first-keystroke="meta f" />
    <keyboard-shortcut first-keystroke="ctrl space" second-keystroke="f" />
  </action>
  <action id="FindInPath">
    <keyboard-shortcut first-keystroke="shift meta f" />
    <keyboard-shortcut first-keystroke="ctrl space" second-keystroke="ctrl f" />
  </action>
  <action id="FindNext">
    <keyboard-shortcut first-keystroke="ctrl m" second-keystroke="s" />
  </action>
  <action id="FindPrevious">
    <keyboard-shortcut first-keystroke="shift f3" />
  </action>
  <action id="FindUsages">
    <keyboard-shortcut first-keystroke="ctrl l" second-keystroke="ctrl u" />
  </action>
  <action id="FindUsagesInFile">
    <keyboard-shortcut first-keystroke="ctrl l" second-keystroke="shift ctrl u" />
  </action>
  <action id="FindWordAtCaret" />
  <action id="Forward">
    <keyboard-shortcut first-keystroke="ctrl space" second-keystroke="right" />
  </action>
  <action id="Generate">
    <keyboard-shortcut first-keystroke="ctrl l" second-keystroke="g" />
  </action>
  <action id="Git.ContextMenu">
    <keyboard-shortcut first-keystroke="ctrl q" second-keystroke="g" />
  </action>
  <action id="Git.Rename.Local.Branch">
    <keyboard-shortcut first-keystroke="shift f6" />
  </action>
  <action id="Git.Reword.Commit">
    <keyboard-shortcut first-keystroke="shift f6" />
  </action>
  <action id="GoToLastTab">
    <keyboard-shortcut first-keystroke="ctrl b" second-keystroke="b" />
  </action>
  <action id="GotoAction">
    <keyboard-shortcut first-keystroke="ctrl l" second-keystroke="c" />
  </action>
  <action id="GotoChangedFile" />
  <action id="GotoDeclaration">
    <keyboard-shortcut first-keystroke="ctrl space" second-keystroke="d" />
  </action>
  <action id="GotoImplementation">
    <keyboard-shortcut first-keystroke="ctrl l" second-keystroke="i" />
  </action>
  <action id="GotoLine">
    <keyboard-shortcut first-keystroke="ctrl space" second-keystroke="l" />
  </action>
  <action id="GotoNextError" />
  <action id="GotoNextIncompletePropertyAction" />
  <action id="GotoTypeDeclaration" />
  <action id="Graph.ApplyCurrentLayout" />
  <action id="Graph.Faces.OpenSelectedPages" />
  <action id="GuiDesigner.EditComponent" />
  <action id="GuiDesigner.EditGroup" />
  <action id="GuiDesigner.QuickJavadoc" />
  <action id="HideActiveWindow" />
  <action id="HideAllWindows" />
  <action id="HighlightUsagesInFile">
    <keyboard-shortcut first-keystroke="alt u" />
  </action>
  <action id="ImplementMethods" />
  <action id="IncreaseColumnWidth" />
  <action id="IncrementWindowWidth" />
  <action id="Jdbc.OpenEditor" />
  <action id="JumpToLastChange" />
  <action id="JumpToLastWindow" />
  <action id="JupyterSelectCellAboveAction" />
  <action id="JupyterSelectCellBelowAction" />
  <action id="List-selectLastRow" />
  <action id="Macro.clear_both">
    <keyboard-shortcut first-keystroke="ctrl q" second-keystroke="ctrl k" />
  </action>
  <action id="Macro.copy current line">
    <keyboard-shortcut first-keystroke="shift ctrl y" />
  </action>
  <action id="Macro.dec_opp">
    <keyboard-shortcut first-keystroke="ctrl space" second-keystroke="ctrl d" />
  </action>
  <action id="MethodDown">
    <keyboard-shortcut first-keystroke="ctrl down" />
  </action>
  <action id="MethodHierarchy">
    <keyboard-shortcut first-keystroke="ctrl h" second-keystroke="m" />
  </action>
  <action id="MethodOverloadSwitchDown" />
  <action id="MethodOverloadSwitchUp" />
  <action id="MethodUp">
    <keyboard-shortcut first-keystroke="ctrl up" />
  </action>
  <action id="MoveEditorToOppositeTabGroup">
    <keyboard-shortcut first-keystroke="ctrl b" second-keystroke="o" />
  </action>
  <action id="MoveElementLeft" />
  <action id="MoveElementRight" />
  <action id="Mvc.RunTarget" />
  <action id="NewElementInMenuGroup">
    <keyboard-shortcut first-keystroke="meta n" />
  </action>
  <action id="NextEditorTab">
    <keyboard-shortcut first-keystroke="ctrl b" second-keystroke="m" />
  </action>
  <action id="NextOccurence" />
  <action id="NextProjectWindow" />
  <action id="NextSplitter">
    <keyboard-shortcut first-keystroke="alt right" />
  </action>
  <action id="NextTab">
    <keyboard-shortcut first-keystroke="ctrl b" second-keystroke="n" />
    <keyboard-shortcut first-keystroke="ctrl b" second-keystroke="right" />
  </action>
  <action id="OpenEditorInOppositeTabGroup">
    <keyboard-shortcut first-keystroke="ctrl space" second-keystroke="o" />
  </action>
  <action id="OpenInBrowserGroup">
    <keyboard-shortcut first-keystroke="ctrl q" second-keystroke="e" />
  </action>
  <action id="OpenModuleSettings" />
  <action id="OpenProjectWindows">
    <keyboard-shortcut first-keystroke="ctrl l" second-keystroke="p" />
  </action>
  <action id="ParameterInfo">
    <keyboard-shortcut first-keystroke="ctrl h" second-keystroke="a" />
  </action>
  <action id="PasteMultiple">
    <keyboard-shortcut first-keystroke="shift meta v" />
  </action>
  <action id="PinActiveTab">
    <keyboard-shortcut first-keystroke="ctrl b" second-keystroke="space" />
  </action>
  <action id="PrevSplitter">
    <keyboard-shortcut first-keystroke="alt left" />
  </action>
  <action id="PreviousEditorTab" />
  <action id="PreviousOccurence" />
  <action id="PreviousProjectWindow" />
  <action id="PreviousTab">
    <keyboard-shortcut first-keystroke="ctrl b" second-keystroke="p" />
    <keyboard-shortcut first-keystroke="ctrl b" second-keystroke="left" />
  </action>
  <action id="ProjectViewChangeView">
    <keyboard-shortcut first-keystroke="ctrl l" second-keystroke="v" />
  </action>
  <action id="QuickChangeScheme">
    <keyboard-shortcut first-keystroke="ctrl q" second-keystroke="s" />
  </action>
  <action id="QuickEvaluateExpression">
    <keyboard-shortcut first-keystroke="ctrl alt f8" />
  </action>
  <action id="QuickImplementations">
    <keyboard-shortcut first-keystroke="ctrl h" second-keystroke="i" />
  </action>
  <action id="QuickJavaDoc">
    <keyboard-shortcut first-keystroke="ctrl h" second-keystroke="d" />
  </action>
  <action id="RecentChangedFiles" />
  <action id="RecentChanges">
    <keyboard-shortcut first-keystroke="ctrl l" second-keystroke="ctrl k" />
  </action>
  <action id="RecentFiles">
    <keyboard-shortcut first-keystroke="ctrl l" second-keystroke="f" />
  </action>
  <action id="RecentLocations">
    <keyboard-shortcut first-keystroke="shift ctrl e" />
    <keyboard-shortcut first-keystroke="ctrl l" second-keystroke="k" />
  </action>
  <action id="Refactorings.QuickListPopupAction">
    <keyboard-shortcut first-keystroke="ctrl l" second-keystroke="r" />
  </action>
  <action id="ReformatCode">
    <keyboard-shortcut first-keystroke="ctrl q" second-keystroke="f" />
  </action>
  <action id="RemoteHostView.EditSource" />
  <action id="Replace">
    <keyboard-shortcut first-keystroke="ctrl space" second-keystroke="r" />
    <keyboard-shortcut first-keystroke="meta r" />
  </action>
  <action id="RerunTests">
    <keyboard-shortcut first-keystroke="ctrl t" second-keystroke="r" />
  </action>
  <action id="ResizeToolWindowLeft" />
  <action id="ResizeToolWindowRight" />
  <action id="RunClass">
    <keyboard-shortcut first-keystroke="shift ctrl f10" />
    <keyboard-shortcut first-keystroke="ctrl q" second-keystroke="q" />
  </action>
  <action id="RunDashboard.EditConfiguration" />
  <action id="SaveAll" />
  <action id="Scala.ExpandImplicits">
    <keyboard-shortcut first-keystroke="shift ctrl alt equals" />
    <keyboard-shortcut first-keystroke="shift ctrl alt add" />
  </action>
  <action id="Scala.ShowImplicitParameters" />
  <action id="Scala.ShowImplicits">
    <keyboard-shortcut first-keystroke="shift ctrl alt equals" />
    <keyboard-shortcut first-keystroke="shift ctrl alt add" />
  </action>
  <action id="ScalaConsole.Clean" />
  <action id="ScrollPane-scrollEnd">
    <keyboard-shortcut first-keystroke="shift alt period" />
  </action>
  <action id="ScrollPane-scrollHome">
    <keyboard-shortcut first-keystroke="shift alt comma" />
  </action>
  <action id="ScrollTreeToCenter" />
  <action id="SearchEverywhere.NavigateToNextGroup">
    <keyboard-shortcut first-keystroke="page_down" />
  </action>
  <action id="SearchEverywhere.NavigateToPrevGroup">
    <keyboard-shortcut first-keystroke="page_up" />
  </action>
  <action id="SelectAllOccurrences">
    <mouse-shortcut keystroke="alt button1 doubleClick" />
    <keyboard-shortcut first-keystroke="ctrl m" second-keystroke="a" />
  </action>
  <action id="SelectIn">
    <keyboard-shortcut first-keystroke="ctrl l" second-keystroke="o" />
  </action>
  <action id="SelectInProjectView">
    <keyboard-shortcut first-keystroke="ctrl p" />
  </action>
  <action id="SelectNextOccurrence">
    <keyboard-shortcut first-keystroke="ctrl m" second-keystroke="n" />
  </action>
  <action id="SendEOF" />
  <action id="ShelvedChanges.Rename">
    <keyboard-shortcut first-keystroke="shift f6" />
  </action>
  <action id="ShowBookmarks">
    <keyboard-shortcut first-keystroke="ctrl l" second-keystroke="b" />
  </action>
  <action id="ShowContent">
    <keyboard-shortcut first-keystroke="ctrl l" second-keystroke="slash" />
  </action>
  <action id="ShowFilePath" />
  <action id="ShowNavBar">
    <keyboard-shortcut first-keystroke="ctrl l" second-keystroke="n" />
  </action>
  <action id="ShowPopupMenu">
    <keyboard-shortcut first-keystroke="context_menu" />
    <keyboard-shortcut first-keystroke="ctrl l" second-keystroke="m" />
  </action>
  <action id="ShowProjectStructureSettings" />
  <action id="ShowRecentTests">
    <keyboard-shortcut first-keystroke="ctrl l" second-keystroke="t" />
  </action>
  <action id="ShowSettingsAndFindUsages" />
  <action id="ShowUsages">
    <keyboard-shortcut first-keystroke="ctrl l" second-keystroke="u" />
  </action>
  <action id="SmartTypeCompletion">
    <keyboard-shortcut first-keystroke="ctrl q" second-keystroke="t" />
  </action>
  <action id="SplitVertically">
    <keyboard-shortcut first-keystroke="ctrl b" second-keystroke="v" />
  </action>
  <action id="StartStopMacroRecording">
    <keyboard-shortcut first-keystroke="ctrl q" second-keystroke="m" />
  </action>
  <action id="SurroundWith">
    <keyboard-shortcut first-keystroke="ctrl l" second-keystroke="s" />
  </action>
  <action id="SurroundWithLiveTemplate">
    <keyboard-shortcut first-keystroke="ctrl l" second-keystroke="ctrl s" />
  </action>
  <action id="Switcher">
    <keyboard-shortcut first-keystroke="ctrl l" second-keystroke="w" />
  </action>
  <action id="TabSwitchPlugin.SwitchTab">
    <keyboard-shortcut first-keystroke="ctrl t" second-keystroke="3" />
  </action>
  <action id="Table-selectLastRow" />
  <action id="Table-selectNextColumnExtendSelection" />
  <action id="Table-selectPreviousColumnExtendSelection" />
  <action id="TextComponent.ClearAction">
    <keyboard-shortcut first-keystroke="ctrl q" second-keystroke="k" />
  </action>
  <action id="TodoViewGroupByShowModules" />
  <action id="ToggleBookmark">
    <keyboard-shortcut first-keystroke="ctrl space" second-keystroke="b" />
  </action>
  <action id="ToggleBookmark0">
    <keyboard-shortcut first-keystroke="alt 0" />
  </action>
  <action id="ToggleBookmark1">
    <keyboard-shortcut first-keystroke="alt 1" />
  </action>
  <action id="ToggleBookmark2">
    <keyboard-shortcut first-keystroke="alt 2" />
  </action>
  <action id="ToggleBookmark3">
    <keyboard-shortcut first-keystroke="alt 3" />
  </action>
  <action id="ToggleBookmark4">
    <keyboard-shortcut first-keystroke="alt 4" />
  </action>
  <action id="ToggleBookmark5">
    <keyboard-shortcut first-keystroke="alt 5" />
  </action>
  <action id="ToggleBookmark6">
    <keyboard-shortcut first-keystroke="alt 6" />
  </action>
  <action id="ToggleBookmark7">
    <keyboard-shortcut first-keystroke="alt 7" />
  </action>
  <action id="ToggleBookmark8">
    <keyboard-shortcut first-keystroke="alt 8" />
  </action>
  <action id="ToggleBookmark9">
    <keyboard-shortcut first-keystroke="alt 9" />
  </action>
  <action id="ToggleBookmarkWithMnemonic">
    <keyboard-shortcut first-keystroke="ctrl space" second-keystroke="ctrl b" />
  </action>
  <action id="ToggleDistractionFreeMode">
    <keyboard-shortcut first-keystroke="f12" />
  </action>
  <action id="ToggleFullScreen">
    <keyboard-shortcut first-keystroke="ctrl f12" />
  </action>
  <action id="ToolWindowsGroup">
    <keyboard-shortcut first-keystroke="ctrl l" second-keystroke="l" />
  </action>
  <action id="Tree-selectChildExtendSelection" />
  <action id="Tree-selectParentExtendSelection" />
  <action id="TypeHierarchy" />
  <action id="TypeHierarchy.Class">
    <keyboard-shortcut first-keystroke="ctrl h" second-keystroke="l" />
  </action>
  <action id="TypeHierarchy.Subtypes">
    <keyboard-shortcut first-keystroke="ctrl h" second-keystroke="open_bracket" />
  </action>
  <action id="TypeHierarchy.Supertypes">
    <keyboard-shortcut first-keystroke="ctrl h" second-keystroke="close_bracket" />
  </action>
  <action id="TypeHierarchyBase.BaseOnThisType" />
  <action id="UnselectPreviousOccurrence">
    <keyboard-shortcut first-keystroke="ctrl m" second-keystroke="k" />
  </action>
  <action id="UnsplitAll">
    <keyboard-shortcut first-keystroke="ctrl b" second-keystroke="u" />
  </action>
  <action id="Unwrap">
    <keyboard-shortcut first-keystroke="ctrl l" second-keystroke="x" />
  </action>
  <action id="Vcs.Log.FocusTextFilter" />
  <action id="Vcs.Log.OpenRepositoryVersion" />
  <action id="Vcs.QuickListPopupAction" />
  <action id="Vcs.ShowMessageHistory" />
  <action id="Vcs.ToggleAmendCommitMode" />
  <action id="Vcs.UpdateProject" />
  <action id="XDebugger.EditWatch" />
  <action id="XDebugger.JumpToSource" />
  <action id="XDebugger.SetValue" />
  <action id="XPathView.Actions.FindByExpression" />
  <action id="hg4idea.QGotoFromPatches" />
  <action id="hg4idea.QPushAction" />
  <action id="io.github.markusmo3.bm.actions.OpenBMXmlAction">
    <keyboard-shortcut first-keystroke="ctrl space" second-keystroke="slash" />
  </action>
  <action id="openAssertEqualsDiff" />
  <action id="sql.ExtractFunctionAction" />
  <action id="tabswitch.action.PrevTabAction">
    <keyboard-shortcut first-keystroke="ctrl t" second-keystroke="2" />
  </action>
</keymap>