<application>
  <component name="ActionMacroManager">
    <macro name="dec_opp">
      <action id="GotoDeclaration" />
      <action id="MoveEditorToOppositeTabGroup" />
      <action id="PrevSplitter" />
    </macro>
    <macro name="clear_both">
      <action id="TextComponent.ClearAction" />
      <action id="NextSplitter" />
      <action id="TextComponent.ClearAction" />
      <action id="PrevSplitter" />
    </macro>
    <macro name="&lt;noname&gt;">
      <action id="EditorSelectWord" />
      <action id="EditorToggleCase" />
      <typing text-keycode="0:1">&quot;</typing>
      <action id="EditorNextWord" />
      <action id="EditorNextWord" />
      <action id="EditorRight" />
      <action id="EditorBackSpace" />
      <typing text-keycode="513:1">:</typing>
      <action id="EditorNextWord" />
    </macro>
    <macro name="tmp">
      <action id="EditorSelectWord" />
      <action id="EditorToggleCase" />
      <typing text-keycode="222:0">'</typing>
      <action id="EditorNextWord" />
      <action id="EditorNextWord" />
      <action id="EditorRight" />
      <action id="EditorBackSpace" />
      <typing text-keycode="513:1">:</typing>
      <action id="EditorLineEnd" />
      <typing text-keycode="44:0">,</typing>
      <action id="EditorLineStart" />
    </macro>
  </component>
</application>