<toolSet name="style">
  <tool name="black" showInMainMenu="false" showInEditor="false" showInProject="false" showInSearchPopup="false" disabled="false" useConsole="true" showConsoleOnStdOut="false" showConsoleOnStdErr="false" synchronizeAfterRun="true">
    <exec>
      <option name="COMMAND" value="$PyInterpreterDirectory$/black" />
      <option name="PARAMETERS" value="-l 120 -t py36 $FilePath$ --exclude \&quot;(proto)\&quot; --skip-string-normalization" />
      <option name="WORKING_DIRECTORY" value="$ProjectFileDir$" />
    </exec>
    <filter>
      <option name="NAME" value="No name" />
      <option name="DESCRIPTION" />
      <option name="REGEXP" value="$FILE_PATH$\:$LINE$\:$COLUMN$\:.*" />
    </filter>
  </tool>
</toolSet>