<toolSet name="style">
  <tool name="autopep8" showInMainMenu="false" showInEditor="false" showInProject="false" showInSearchPopup="false" disabled="false" useConsole="true" showConsoleOnStdOut="false" showConsoleOnStdErr="false" synchronizeAfterRun="true">
    <exec>
      <option name="COMMAND" value="$PyInterpreterDirectory$/autopep8" />
      <option name="PARAMETERS" value="--in-place --aggressive --aggressive $FilePath$" />
      <option name="WORKING_DIRECTORY" value="$ProjectFileDir$" />
    </exec>
    <filter>
      <option name="NAME" value="No name" />
      <option name="DESCRIPTION" />
      <option name="REGEXP" value="$FILE_PATH$\:$LINE$\:$COLUMN$\:.*" />
    </filter>
  </tool>
</toolSet>